airline,date_of_journey,source,destination,dep_time,arrival_time,duration,total_stops,additional_info,price
Indigo,2019-05-03,Banglore,Delhi,10:10:00,13:00:00,170,0.0,No Info,3943
Jet Airways,2019-03-09,Banglore,New Delhi,08:00:00,10:25:00,1585,1.0,In-flight meal not included,11087
Air India,2019-05-09,Delhi,Cochin,09:45:00,23:00:00,795,1.0,No Info,7174
Jet Airways,2019-06-01,Delhi,Cochin,11:40:00,19:00:00,440,2.0,In-flight meal not included,15812
Indigo,2019-06-18,Banglore,Delhi,04:00:00,06:50:00,170,0.0,No Info,3943
Vistara,2019-03-01,Banglore,New Delhi,21:10:00,00:05:00,175,0.0,No Info,21730
Multiple Carriers,2019-06-03,Delhi,Cochin,10:35:00,19:00:00,505,1.0,No Info,10877
Spicejet,2019-06-06,Mumbai,Hyderabad,05:45:00,07:15:00,90,0.0,No check-in baggage included,2647
Jet Airways,2019-05-21,Kolkata,Banglore,20:00:00,18:15:00,1335,1.0,In-flight meal not included,10844
Air India,2019-06-18,Banglore,Delhi,17:00:00,19:50:00,170,0.0,No Info,6961
Indigo,2019-05-09,Kolkata,Banglore,08:10:00,13:00:00,290,1.0,No Info,5069
Multiple Carriers,2019-05-21,Delhi,Cochin,17:15:00,00:55:00,460,1.0,No Info,7858
Jet Airways,2019-06-27,Delhi,Cochin,13:00:00,19:00:00,360,1.0,In-flight meal not included,10262
Multiple Carriers,2019-03-06,Delhi,Cochin,13:55:00,21:00:00,425,1.0,In-flight meal not included,15136
Multiple Carriers,2019-05-27,Delhi,Cochin,03:50:00,19:00:00,910,1.0,No Info,10197
Spicejet,2019-05-01,Kolkata,Banglore,06:55:00,09:30:00,155,0.0,No Info,3873
Jet Airways,2019-03-12,Banglore,New Delhi,22:55:00,10:25:00,690,1.0,No Info,13817
Jet Airways,2019-05-15,Kolkata,Banglore,14:05:00,23:35:00,570,1.0,No Info,13941
Indigo,2019-06-24,Mumbai,Hyderabad,09:10:00,10:40:00,90,0.0,No Info,4049
Vistara,2019-06-12,Kolkata,Banglore,07:10:00,10:45:00,1655,1.0,No Info,8452
Jet Airways,2019-06-01,Delhi,Cochin,05:30:00,04:25:00,1375,2.0,In-flight meal not included,10368
Jet Airways,2019-03-15,Banglore,New Delhi,14:05:00,08:15:00,1090,1.0,In-flight meal not included,9134
Indigo,2019-06-12,Delhi,Cochin,20:25:00,01:30:00,305,1.0,No Info,5058
Jet Airways,2019-03-06,Banglore,New Delhi,08:55:00,08:15:00,1400,1.0,No Info,14815
Goair,2019-03-06,Delhi,Cochin,14:10:00,19:20:00,310,1.0,No Info,19495
Air India,2019-06-12,Delhi,Cochin,12:20:00,19:15:00,1855,2.0,No Info,12488
Jet Airways,2019-06-12,Delhi,Cochin,19:45:00,04:25:00,520,1.0,In-flight meal not included,10262
Indigo,2019-06-21,Chennai,Kolkata,22:05:00,00:25:00,140,0.0,No Info,5277
Jet Airways,2019-05-21,Delhi,Cochin,10:00:00,19:00:00,540,1.0,No Info,16079
Spicejet,2019-03-03,Delhi,Cochin,06:10:00,11:20:00,310,1.0,No Info,9748
Indigo,2019-05-21,Chennai,Kolkata,19:35:00,21:55:00,140,0.0,No Info,3597
Air India,2019-05-09,Mumbai,Hyderabad,13:55:00,15:25:00,90,0.0,No Info,3100
Jet Airways,2019-05-18,Delhi,Cochin,13:25:00,04:25:00,900,2.0,No Info,16704
Multiple Carriers,2019-06-27,Delhi,Cochin,07:30:00,21:00:00,810,1.0,No Info,7005
Indigo,2019-04-15,Kolkata,Banglore,06:20:00,10:30:00,250,1.0,No Info,4226
Jet Airways,2019-04-09,Delhi,Cochin,05:30:00,04:25:00,1375,2.0,No Info,10909
Multiple Carriers,2019-05-18,Delhi,Cochin,19:00:00,01:30:00,390,1.0,No Info,8283
Jet Airways,2019-03-06,Banglore,New Delhi,14:05:00,07:40:00,1055,1.0,In-flight meal not included,13502
Multiple Carriers,2019-06-03,Delhi,Cochin,09:45:00,16:10:00,385,1.0,No Info,9646
Jet Airways,2019-05-18,Kolkata,Banglore,18:55:00,08:15:00,800,1.0,No Info,13584
Multiple Carriers,2019-05-27,Delhi,Cochin,07:05:00,19:15:00,730,1.0,In-flight meal not included,12717
Indigo,2019-06-09,Kolkata,Banglore,14:25:00,16:55:00,150,0.0,No Info,5644
Indigo,2019-04-06,Kolkata,Banglore,06:15:00,10:30:00,255,1.0,No Info,4226
Multiple Carriers,2019-06-01,Delhi,Cochin,09:15:00,19:00:00,585,1.0,No Info,12042
Multiple Carriers,2019-06-09,Delhi,Cochin,14:55:00,22:30:00,455,1.0,No Info,6723
Multiple Carriers,2019-05-09,Delhi,Cochin,13:00:00,21:00:00,480,1.0,No Info,13727
Spicejet,2019-03-18,Mumbai,Hyderabad,13:10:00,14:30:00,80,0.0,No check-in baggage included,2385
Jet Airways,2019-03-21,Delhi,Cochin,22:50:00,04:25:00,335,1.0,In-flight meal not included,6017
Jet Airways,2019-05-21,Kolkata,Banglore,14:05:00,22:35:00,510,1.0,No Info,14781
Jet Airways,2019-05-09,Kolkata,Banglore,20:00:00,18:15:00,1335,1.0,No Info,13584
Jet Airways,2019-06-03,Delhi,Cochin,16:00:00,04:25:00,745,1.0,No Info,14714
Air India,2019-05-21,Banglore,Delhi,10:00:00,12:45:00,165,0.0,No Info,6961
Jet Airways,2019-05-27,Banglore,Delhi,18:55:00,22:00:00,185,0.0,No Info,7229
Jet Airways,2019-05-09,Delhi,Cochin,20:55:00,04:25:00,450,1.0,No Info,15554
Air India,2019-06-06,Kolkata,Banglore,08:20:00,18:30:00,610,2.0,No Info,10697
Vistara,2019-05-21,Delhi,Cochin,06:00:00,09:10:00,190,0.0,No Info,6741
Air India,2019-03-27,Delhi,Cochin,09:45:00,09:25:00,1420,2.0,No Info,7090
Air India,2019-03-18,Kolkata,Banglore,14:15:00,16:45:00,150,0.0,No Info,5170
Air India,2019-03-24,Kolkata,Banglore,20:45:00,23:20:00,155,0.0,No Info,31945
Jet Airways,2019-05-21,Kolkata,Banglore,20:00:00,23:35:00,1655,1.0,In-flight meal not included,10844
Air India,2019-04-01,Kolkata,Banglore,16:45:00,08:55:00,970,2.0,No Info,9920
Jet Airways,2019-06-06,Delhi,Cochin,14:00:00,19:00:00,300,1.0,In-flight meal not included,10262
Jet Airways,2019-05-21,Delhi,Cochin,16:00:00,12:35:00,1235,1.0,In-flight meal not included,12898
Indigo,2019-06-21,Banglore,Delhi,08:30:00,11:20:00,170,0.0,No Info,4823
Jet Airways,2019-05-21,Kolkata,Banglore,20:25:00,09:45:00,800,1.0,No Info,13067
Air India,2019-06-27,Delhi,Cochin,09:45:00,23:00:00,795,1.0,No Info,8907
Multiple Carriers,2019-05-27,Delhi,Cochin,07:10:00,16:10:00,540,1.0,No Info,7878
Jet Airways,2019-03-06,Banglore,New Delhi,11:40:00,09:30:00,1310,1.0,No Info,17261
Indigo,2019-03-09,Banglore,New Delhi,11:20:00,15:25:00,245,1.0,No Info,5746
Multiple Carriers,2019-06-12,Delhi,Cochin,12:50:00,01:30:00,760,1.0,No Info,6795
Indigo,2019-05-03,Chennai,Kolkata,14:45:00,17:05:00,140,0.0,No Info,3858
Multiple Carriers,2019-06-27,Delhi,Cochin,19:00:00,01:30:00,390,1.0,No Info,6795
Jet Airways,2019-03-06,Banglore,New Delhi,08:55:00,16:10:00,435,1.0,No Info,19225
Jet Airways,2019-05-12,Kolkata,Banglore,08:25:00,04:40:00,1215,1.0,No Info,13941
Indigo,2019-06-15,Delhi,Cochin,21:50:00,03:35:00,345,1.0,No Info,6195
Air India,2019-06-27,Delhi,Cochin,12:55:00,19:15:00,1820,2.0,No Info,12646
Indigo,2019-06-09,Kolkata,Banglore,20:20:00,22:55:00,155,0.0,No Info,4804
Multiple Carriers,2019-06-01,Delhi,Cochin,10:00:00,01:30:00,930,1.0,No Info,13377
Air India,2019-05-12,Kolkata,Banglore,19:00:00,11:05:00,965,1.0,No Info,6327
Indigo,2019-06-18,Banglore,Delhi,01:30:00,04:15:00,165,0.0,No Info,3419
Jet Airways,2019-05-09,Delhi,Cochin,19:15:00,19:00:00,1425,1.0,In-flight meal not included,12373
Vistara,2019-05-06,Banglore,Delhi,21:00:00,23:50:00,170,0.0,No Info,4668
Jet Airways,2019-03-27,Mumbai,Hyderabad,02:55:00,04:25:00,90,0.0,No Info,5678
Air India,2019-03-15,Kolkata,Banglore,20:45:00,23:20:00,155,0.0,No Info,4435
Jet Airways,2019-05-18,Kolkata,Banglore,20:00:00,09:20:00,800,1.0,No Info,14781
Multiple Carriers,2019-03-03,Delhi,Cochin,15:25:00,01:35:00,610,1.0,No Info,15147
Indigo,2019-06-12,Banglore,Delhi,23:30:00,02:20:00,170,0.0,No Info,3943
Jet Airways,2019-05-21,Delhi,Cochin,08:00:00,19:00:00,660,1.0,In-flight meal not included,12898
Air Asia,2019-06-06,Banglore,Delhi,11:10:00,13:55:00,165,0.0,No Info,4483
Air India,2019-06-12,Banglore,Delhi,21:05:00,23:55:00,170,0.0,No Info,5228
Jet Airways,2019-06-15,Delhi,Cochin,09:40:00,19:00:00,560,2.0,No Info,13014
Jet Airways,2019-06-09,Kolkata,Banglore,06:30:00,12:00:00,330,1.0,No Info,14571
Air India,2019-03-21,Banglore,New Delhi,06:55:00,23:20:00,985,1.0,No Info,6987
Indigo,2019-06-15,Banglore,Delhi,08:30:00,11:20:00,170,0.0,No Info,4823
Indigo,2019-06-06,Delhi,Cochin,16:00:00,21:00:00,300,1.0,No Info,6069
Jet Airways,2019-05-21,Delhi,Cochin,18:15:00,12:35:00,1100,1.0,In-flight meal not included,12898
Multiple Carriers,2019-03-03,Delhi,Cochin,13:05:00,21:20:00,495,2.0,No Info,11966
Indigo,2019-03-09,Delhi,Cochin,02:35:00,08:30:00,355,1.0,No Info,11532
Spicejet,2019-06-03,Delhi,Cochin,08:45:00,13:15:00,270,1.0,No Info,5830
Air India,2019-06-09,Delhi,Cochin,20:15:00,19:15:00,1380,2.0,No Info,13381
Indigo,2019-03-24,Chennai,Kolkata,05:15:00,07:35:00,140,0.0,No Info,4326
Indigo,2019-05-15,Delhi,Cochin,08:35:00,16:10:00,455,1.0,No Info,6442
Jet Airways,2019-05-06,Banglore,Delhi,08:20:00,11:20:00,180,0.0,No Info,7229
Indigo,2019-06-03,Delhi,Cochin,16:00:00,21:00:00,300,1.0,No Info,6593
Jet Airways,2019-06-01,Delhi,Cochin,02:15:00,12:35:00,620,1.0,No Info,14714
Jet Airways,2019-06-06,Kolkata,Banglore,17:00:00,23:35:00,395,1.0,No Info,14151
Jet Airways,2019-06-06,Kolkata,Banglore,06:30:00,12:00:00,330,1.0,In-flight meal not included,10844
Indigo,2019-04-27,Kolkata,Banglore,14:25:00,16:55:00,150,0.0,No Info,4804
Jet Airways,2019-05-09,Delhi,Cochin,13:00:00,19:00:00,360,1.0,No Info,15554
Indigo,2019-04-03,Banglore,Delhi,07:10:00,10:05:00,175,0.0,No Info,4823
Air India,2019-05-24,Banglore,Delhi,17:00:00,19:45:00,165,0.0,No Info,7171
Jet Airways,2019-05-18,Kolkata,Banglore,18:55:00,19:50:00,1495,1.0,In-flight meal not included,10844
Jet Airways,2019-06-15,Delhi,Cochin,07:05:00,12:35:00,330,1.0,No Info,14714
Indigo,2019-05-09,Kolkata,Banglore,22:15:00,00:50:00,155,0.0,No Info,4804
Air India,2019-05-09,Kolkata,Banglore,09:25:00,07:55:00,1350,1.0,No Info,8366
Jet Airways,2019-06-09,Banglore,Delhi,06:00:00,08:45:00,165,0.0,In-flight meal not included,7229
Spicejet,2019-04-01,Banglore,Delhi,21:10:00,00:05:00,175,0.0,No Info,3625
Jet Airways,2019-06-06,Kolkata,Banglore,20:00:00,08:15:00,735,1.0,In-flight meal not included,10844
Jet Airways,2019-04-18,Banglore,Delhi,08:20:00,11:20:00,180,0.0,No Info,7229
Vistara,2019-03-24,Banglore,New Delhi,09:50:00,12:35:00,165,0.0,No Info,6138
Jet Airways,2019-06-24,Delhi,Cochin,17:35:00,19:00:00,1525,2.0,No Info,13922
Air India,2019-06-01,Banglore,Delhi,17:00:00,19:45:00,165,0.0,No Info,7171
Spicejet,2019-04-15,Kolkata,Banglore,17:10:00,19:40:00,150,0.0,No Info,4174
Multiple Carriers,2019-03-27,Delhi,Cochin,13:05:00,21:20:00,495,2.0,No Info,6128
Jet Airways,2019-06-09,Kolkata,Banglore,17:00:00,23:35:00,395,1.0,No Info,14676
Indigo,2019-05-18,Delhi,Cochin,10:35:00,01:30:00,895,1.0,No Info,7503
Multiple Carriers,2019-03-09,Delhi,Cochin,06:50:00,19:15:00,745,1.0,In-flight meal not included,14817
Indigo,2019-05-24,Kolkata,Banglore,17:15:00,19:50:00,155,0.0,No Info,4804
Multiple Carriers,2019-05-21,Delhi,Cochin,13:00:00,01:30:00,750,1.0,No Info,7888
Jet Airways,2019-04-01,Kolkata,Banglore,20:00:00,12:00:00,960,1.0,In-flight meal not included,7064
Jet Airways,2019-05-09,Delhi,Cochin,05:30:00,04:25:00,1375,2.0,In-flight meal not included,13029
Vistara,2019-03-03,Banglore,New Delhi,06:40:00,12:35:00,355,1.0,No Info,12476
Indigo,2019-05-01,Chennai,Kolkata,13:15:00,15:35:00,140,0.0,No Info,3597
Indigo,2019-05-18,Banglore,Delhi,20:00:00,22:50:00,170,0.0,No Info,4823
Jet Airways,2019-06-03,Banglore,Delhi,18:55:00,22:00:00,185,0.0,No Info,8016
Indigo,2019-05-24,Chennai,Kolkata,05:15:00,07:40:00,145,0.0,No Info,3850
Air India,2019-06-01,Delhi,Cochin,19:45:00,19:15:00,1410,2.0,No Info,10651
Multiple Carriers,2019-03-27,Delhi,Cochin,07:00:00,13:20:00,380,1.0,No Info,6148
Indigo,2019-06-09,Delhi,Cochin,07:35:00,16:10:00,515,1.0,No Info,6442
Multiple Carriers,2019-06-24,Delhi,Cochin,11:25:00,19:15:00,470,1.0,No Info,7155
Air India,2019-05-09,Delhi,Cochin,05:00:00,19:15:00,2295,2.0,No Info,10441
Air India,2019-06-15,Delhi,Cochin,07:00:00,19:15:00,735,1.0,No Info,9929
Indigo,2019-05-12,Banglore,Delhi,07:10:00,10:05:00,175,0.0,No Info,4823
Spicejet,2019-05-21,Banglore,Delhi,05:55:00,08:35:00,160,0.0,No Info,3311
Air India,2019-05-12,Mumbai,Hyderabad,13:55:00,15:25:00,90,0.0,No Info,3100
Indigo,2019-05-15,Delhi,Cochin,23:30:00,04:35:00,305,1.0,No Info,10123
Multiple Carriers,2019-06-06,Delhi,Cochin,10:00:00,21:00:00,660,1.0,No Info,7933
Spicejet,2019-06-15,Mumbai,Hyderabad,22:45:00,00:15:00,90,0.0,No check-in baggage included,1965
Jet Airways,2019-05-27,Banglore,Delhi,18:55:00,22:00:00,185,0.0,In-flight meal not included,3359
Air India,2019-05-12,Kolkata,Banglore,16:45:00,12:30:00,1185,2.0,No Info,14330
Air Asia,2019-06-06,Kolkata,Banglore,06:50:00,10:30:00,220,1.0,No Info,6857
Air India,2019-03-06,Delhi,Cochin,05:55:00,07:40:00,1545,2.0,No Info,15428
Air India,2019-06-12,Kolkata,Banglore,10:00:00,05:25:00,1165,2.0,No Info,13532
Vistara,2019-04-09,Banglore,Delhi,21:00:00,23:50:00,170,0.0,No Info,5403
Multiple Carriers,2019-06-01,Delhi,Cochin,10:35:00,19:00:00,505,1.0,No Info,11200
Jet Airways,2019-05-24,Kolkata,Banglore,14:05:00,23:35:00,570,1.0,No Info,14571
Jet Airways,2019-05-01,Kolkata,Banglore,20:25:00,09:45:00,800,1.0,No Info,11467
Spicejet,2019-06-18,Banglore,Delhi,09:30:00,12:20:00,170,0.0,No check-in baggage included,3257
Indigo,2019-05-21,Delhi,Cochin,17:30:00,01:30:00,480,1.0,No Info,6794
Indigo,2019-05-12,Mumbai,Hyderabad,12:00:00,13:30:00,90,0.0,No Info,2754
Jet Airways,2019-06-06,Delhi,Cochin,05:30:00,12:35:00,425,2.0,In-flight meal not included,13344
Spicejet,2019-05-18,Delhi,Cochin,17:55:00,22:50:00,295,1.0,No Info,5975
Jet Airways,2019-05-24,Kolkata,Banglore,18:55:00,12:00:00,1025,1.0,In-flight meal not included,10844
Indigo,2019-05-27,Delhi,Cochin,21:05:00,00:20:00,195,0.0,No Info,5601
Indigo,2019-03-06,Delhi,Cochin,05:35:00,08:50:00,195,0.0,No Info,7673
Jet Airways,2019-06-12,Delhi,Cochin,07:05:00,19:00:00,715,1.0,In-flight meal not included,15190
Vistara,2019-05-01,Kolkata,Banglore,07:10:00,22:40:00,930,1.0,No Info,8452
Air India,2019-06-09,Kolkata,Banglore,12:00:00,13:15:00,1515,1.0,No Info,7662
Indigo,2019-05-21,Delhi,Cochin,11:55:00,00:55:00,780,1.0,No Info,6282
Jet Airways,2019-05-12,Kolkata,Banglore,06:30:00,18:15:00,705,1.0,No Info,14781
Air India,2019-06-15,Chennai,Kolkata,11:40:00,13:55:00,135,0.0,No Info,4667
Vistara,2019-04-01,Kolkata,Banglore,20:20:00,22:55:00,1595,1.0,No Info,7770
Indigo,2019-06-01,Chennai,Kolkata,19:35:00,21:55:00,140,0.0,No Info,3597
Indigo,2019-06-03,Delhi,Cochin,02:00:00,07:25:00,325,1.0,No Info,5636
Multiple Carriers,2019-06-01,Delhi,Cochin,17:00:00,01:30:00,510,1.0,No Info,7408
Indigo,2019-06-21,Kolkata,Banglore,11:30:00,14:05:00,155,0.0,No Info,4804
Jet Airways,2019-05-09,Delhi,Cochin,21:50:00,19:00:00,1270,1.0,In-flight meal not included,12373
Indigo,2019-05-27,Delhi,Cochin,08:35:00,22:30:00,835,1.0,No Info,6442
Jet Airways,2019-03-24,Mumbai,Hyderabad,19:35:00,21:05:00,90,0.0,No Info,5678
Air India,2019-06-01,Delhi,Cochin,09:45:00,09:25:00,1420,1.0,No Info,8372
Jet Airways,2019-05-06,Kolkata,Banglore,14:05:00,09:20:00,1155,1.0,In-flight meal not included,9663
Multiple Carriers,2019-06-01,Delhi,Cochin,11:30:00,21:00:00,570,1.0,No Info,13587
Goair,2019-06-09,Delhi,Cochin,14:25:00,19:35:00,310,1.0,No Info,9069
Indigo,2019-05-15,Delhi,Cochin,02:00:00,07:25:00,325,1.0,No Info,8618
Indigo,2019-03-24,Banglore,New Delhi,13:00:00,15:50:00,170,0.0,No Info,8033
Vistara,2019-05-24,Kolkata,Banglore,17:00:00,23:25:00,385,1.0,No Info,9870
Vistara,2019-06-15,Chennai,Kolkata,17:45:00,20:05:00,140,0.0,No Info,11982
Vistara,2019-06-24,Chennai,Kolkata,07:45:00,10:00:00,135,0.0,No Info,3687
Jet Airways,2019-06-03,Delhi,Cochin,22:50:00,04:25:00,335,1.0,In-flight meal not included,10262
Indigo,2019-03-03,Mumbai,Hyderabad,20:05:00,21:35:00,90,0.0,No Info,5232
Spicejet,2019-05-21,Kolkata,Banglore,22:20:00,00:40:00,140,0.0,No Info,3873
Indigo,2019-05-09,Delhi,Cochin,15:00:00,01:30:00,630,1.0,No Info,8330
Goair,2019-04-15,Delhi,Cochin,07:25:00,13:35:00,370,1.0,No Info,5052
Air India,2019-03-21,Delhi,Cochin,16:40:00,19:15:00,1595,2.0,No Info,8236
Indigo,2019-06-15,Chennai,Kolkata,07:55:00,10:15:00,140,0.0,No Info,3850
Jet Airways,2019-03-27,Delhi,Cochin,19:45:00,19:45:00,1440,1.0,In-flight meal not included,5963
Multiple Carriers,2019-03-27,Delhi,Cochin,06:00:00,19:15:00,795,1.0,No Info,8371
Air India,2019-05-15,Kolkata,Banglore,16:50:00,07:55:00,905,1.0,No Info,8891
Multiple Carriers,2019-05-27,Delhi,Cochin,04:55:00,19:00:00,845,1.0,No Info,11573
Indigo,2019-03-01,Banglore,New Delhi,21:20:00,00:15:00,175,0.0,No Info,12649
Jet Airways,2019-05-24,Kolkata,Banglore,14:05:00,04:40:00,875,1.0,No Info,13731
Indigo,2019-05-15,Delhi,Cochin,17:30:00,01:30:00,480,1.0,No Info,6979
Indigo,2019-06-24,Mumbai,Hyderabad,19:05:00,20:35:00,90,0.0,No Info,2754
Spicejet,2019-05-27,Banglore,Delhi,05:55:00,08:35:00,160,0.0,No check-in baggage included,3257
Jet Airways,2019-06-06,Delhi,Cochin,19:45:00,04:25:00,520,1.0,No Info,14714
Air Asia,2019-05-18,Kolkata,Banglore,06:50:00,10:30:00,220,1.0,No Info,6857
Vistara,2019-03-06,Mumbai,Hyderabad,21:55:00,16:45:00,1130,1.0,No Info,12395
Spicejet,2019-05-24,Banglore,Delhi,09:30:00,12:20:00,170,0.0,No Info,3625
Air India,2019-06-12,Delhi,Cochin,12:30:00,09:25:00,1255,1.0,No Info,7480
Jet Airways,2019-04-09,Delhi,Cochin,13:25:00,12:35:00,1390,2.0,No Info,9483
Multiple Carriers,2019-05-27,Delhi,Cochin,13:00:00,21:00:00,480,1.0,No Info,7408
Multiple Carriers,2019-06-24,Delhi,Cochin,09:00:00,21:00:00,720,1.0,No Info,8143
Goair,2019-05-21,Delhi,Cochin,07:25:00,13:20:00,355,1.0,No Info,5842
Spicejet,2019-05-18,Mumbai,Hyderabad,05:45:00,07:15:00,90,0.0,No Info,2017
Jet Airways,2019-06-06,Kolkata,Banglore,20:00:00,12:00:00,960,1.0,In-flight meal not included,10844
Spicejet,2019-04-03,Mumbai,Hyderabad,05:45:00,07:15:00,90,0.0,No Info,2017
Vistara,2019-05-01,Kolkata,Banglore,17:00:00,09:05:00,965,1.0,No Info,8452
Jet Airways,2019-03-27,Delhi,Cochin,23:05:00,04:25:00,320,1.0,In-flight meal not included,7438
Jet Airways,2019-04-01,Kolkata,Banglore,06:30:00,18:15:00,705,1.0,In-flight meal not included,7064
Jet Airways,2019-06-06,Kolkata,Banglore,20:00:00,08:15:00,735,1.0,No Info,14571
Indigo,2019-03-24,Kolkata,Banglore,10:10:00,12:55:00,165,0.0,No Info,6565
Indigo,2019-03-09,Kolkata,Banglore,09:35:00,12:20:00,165,0.0,No Info,4148
Jet Airways,2019-06-03,Delhi,Cochin,13:00:00,19:00:00,360,1.0,No Info,14714
Jet Airways,2019-05-21,Kolkata,Banglore,06:30:00,09:20:00,1610,1.0,In-flight meal not included,9663
Multiple Carriers,2019-05-21,Delhi,Cochin,16:00:00,01:30:00,570,1.0,No Info,14067
Vistara,2019-04-24,Banglore,Delhi,19:30:00,22:15:00,165,0.0,No Info,5613
Jet Airways,2019-06-09,Delhi,Cochin,13:00:00,04:25:00,925,1.0,In-flight meal not included,10262
Jet Airways,2019-03-09,Banglore,New Delhi,08:00:00,21:20:00,800,1.0,In-flight meal not included,11087
Jet Airways,2019-03-27,Delhi,Cochin,05:10:00,18:50:00,820,2.0,In-flight meal not included,8728
Spicejet,2019-03-24,Banglore,New Delhi,05:45:00,08:35:00,170,0.0,No check-in baggage included,4273
Air Asia,2019-06-01,Kolkata,Banglore,22:50:00,01:20:00,150,0.0,No Info,4409
Indigo,2019-04-21,Kolkata,Banglore,15:15:00,17:45:00,150,0.0,No Info,5224
Air India,2019-05-12,Delhi,Cochin,05:10:00,08:00:00,170,0.0,No Info,6094
Indigo,2019-05-01,Kolkata,Banglore,11:30:00,14:05:00,155,0.0,No Info,5644
Jet Airways,2019-06-12,Kolkata,Banglore,16:30:00,10:05:00,1055,1.0,No Info,13044
Air India,2019-06-27,Delhi,Cochin,05:15:00,06:50:00,1535,1.0,No Info,6587
Indigo,2019-06-01,Delhi,Cochin,06:50:00,22:30:00,940,1.0,No Info,6442
Jet Airways,2019-06-12,Kolkata,Banglore,08:25:00,20:45:00,740,1.0,In-flight meal not included,9899
Jet Airways,2019-04-01,Kolkata,Banglore,14:05:00,23:35:00,570,1.0,No Info,13364
Spicejet,2019-05-24,Kolkata,Banglore,11:15:00,18:30:00,435,1.0,No Info,9630
Multiple Carriers,2019-06-24,Delhi,Cochin,14:00:00,21:00:00,420,1.0,No Info,13587
Jet Airways,2019-05-06,Kolkata,Banglore,21:10:00,12:00:00,890,1.0,In-flight meal not included,9663
Multiple Carriers,2019-03-27,Delhi,Cochin,11:40:00,19:15:00,455,1.0,No Info,6953
Jet Airways,2019-06-06,Delhi,Cochin,13:00:00,12:35:00,1415,1.0,In-flight meal not included,11627
Air India,2019-03-06,Mumbai,Hyderabad,09:15:00,09:15:00,1440,1.0,No Info,9535
Jet Airways,2019-06-24,Banglore,Delhi,19:50:00,22:50:00,180,0.0,No Info,8016
Jet Airways,2019-03-03,Delhi,Cochin,09:00:00,18:50:00,590,1.0,No Info,17024
Spicejet,2019-03-03,Banglore,New Delhi,20:30:00,23:20:00,170,0.0,No Info,6860
Indigo,2019-04-24,Kolkata,Banglore,19:35:00,00:10:00,275,1.0,No Info,4860
Spicejet,2019-05-01,Kolkata,Banglore,09:00:00,11:25:00,145,0.0,No Info,4174
Jet Airways,2019-03-01,Banglore,New Delhi,22:50:00,19:10:00,1220,1.0,No Info,25735
Indigo,2019-03-09,Banglore,New Delhi,12:05:00,17:05:00,300,1.0,No Info,4588
Jet Airways,2019-06-09,Kolkata,Banglore,21:10:00,12:00:00,890,1.0,In-flight meal not included,10844
Jet Airways,2019-06-12,Kolkata,Banglore,09:35:00,21:05:00,690,1.0,No Info,12692
Multiple Carriers,2019-05-09,Delhi,Cochin,09:45:00,22:30:00,765,1.0,No Info,8888
Multiple Carriers,2019-05-01,Delhi,Cochin,07:30:00,19:00:00,690,1.0,No Info,9794
Jet Airways,2019-03-01,Banglore,New Delhi,22:50:00,21:20:00,1350,1.0,No Info,25735
Air India,2019-05-18,Kolkata,Banglore,07:00:00,01:20:00,1100,2.0,No Info,13873
Jet Airways,2019-06-03,Delhi,Cochin,17:30:00,19:00:00,1530,1.0,In-flight meal not included,10262
Air India,2019-05-01,Banglore,Delhi,06:10:00,08:55:00,165,0.0,No Info,6121
Jet Airways,2019-06-27,Delhi,Cochin,13:25:00,12:35:00,1390,2.0,No Info,12819
Air India,2019-05-06,Kolkata,Banglore,09:50:00,23:15:00,805,2.0,No Info,14120
Air Asia,2019-06-09,Kolkata,Banglore,07:35:00,19:25:00,710,1.0,No Info,7870
Goair,2019-06-15,Delhi,Cochin,07:25:00,13:35:00,370,1.0,No Info,5842
Jet Airways,2019-06-12,Kolkata,Banglore,21:10:00,10:05:00,775,1.0,No Info,13044
Air India,2019-06-03,Kolkata,Banglore,14:15:00,16:45:00,150,0.0,No Info,5510
Air India,2019-05-18,Kolkata,Banglore,08:20:00,11:10:00,1610,2.0,No Info,11222
Air India,2019-03-09,Delhi,Cochin,06:05:00,09:25:00,1640,1.0,No Info,10945
Air India,2019-03-21,Delhi,Cochin,17:20:00,09:25:00,965,1.0,No Info,6482
Jet Airways,2019-03-15,Mumbai,Hyderabad,19:35:00,21:05:00,90,0.0,In-flight meal not included,2759
Multiple Carriers,2019-03-03,Delhi,Cochin,10:00:00,21:00:00,660,1.0,No Info,16863
Indigo,2019-06-24,Delhi,Cochin,05:05:00,12:10:00,425,1.0,No Info,6442
Goair,2019-04-15,Banglore,Delhi,07:45:00,10:40:00,175,0.0,No Info,4632
Multiple Carriers,2019-06-15,Delhi,Cochin,10:20:00,19:15:00,535,1.0,No Info,9526
Jet Airways,2019-05-24,Kolkata,Banglore,20:00:00,20:45:00,1485,1.0,In-flight meal not included,10844
Multiple Carriers,2019-04-09,Delhi,Cochin,09:00:00,19:15:00,615,1.0,No Info,12853
Multiple Carriers,2019-03-21,Delhi,Cochin,17:00:00,01:35:00,515,1.0,No Info,7363
Multiple Carriers,2019-06-12,Delhi,Cochin,15:05:00,01:30:00,625,2.0,No Info,15965
Spicejet,2019-03-09,Mumbai,Hyderabad,05:45:00,07:05:00,80,0.0,No Info,4391
Air India,2019-06-03,Delhi,Cochin,20:15:00,19:15:00,1380,2.0,No Info,13381
Jet Airways,2019-05-24,Kolkata,Banglore,14:05:00,18:15:00,1690,1.0,In-flight meal not included,10844
Air Asia,2019-04-09,Kolkata,Banglore,19:55:00,22:25:00,150,0.0,No Info,4107
Air India,2019-06-03,Delhi,Cochin,22:00:00,19:15:00,1275,2.0,No Info,10231
Jet Airways,2019-06-12,Delhi,Cochin,10:00:00,04:25:00,1105,1.0,In-flight meal not included,10262
Jet Airways,2019-05-01,Kolkata,Banglore,08:25:00,19:50:00,685,1.0,No Info,14781
Air India,2019-06-24,Delhi,Cochin,20:15:00,19:15:00,1380,2.0,No Info,13381
Vistara,2019-06-12,Kolkata,Banglore,20:20:00,10:45:00,865,1.0,No Info,8452
Jet Airways,2019-05-18,Delhi,Cochin,07:05:00,19:00:00,715,1.0,No Info,15554
Air India,2019-03-21,Mumbai,Hyderabad,13:55:00,15:25:00,90,0.0,No Info,3100
Indigo,2019-03-09,Kolkata,Banglore,15:10:00,17:45:00,155,0.0,No Info,4462
Jet Airways,2019-06-03,Delhi,Cochin,19:45:00,04:25:00,520,1.0,No Info,14714
Jet Airways,2019-04-03,Delhi,Cochin,02:15:00,19:00:00,1005,1.0,In-flight meal not included,4757
Jet Airways,2019-06-09,Delhi,Cochin,11:30:00,19:00:00,450,1.0,In-flight meal not included,10262
Jet Airways,2019-05-18,Delhi,Cochin,15:00:00,12:35:00,1295,1.0,In-flight meal not included,12373
Indigo,2019-06-18,Banglore,Delhi,21:15:00,00:15:00,180,0.0,No Info,3943
Air India,2019-06-09,Kolkata,Banglore,09:25:00,07:55:00,1350,1.0,No Info,8366
Air India,2019-06-03,Delhi,Cochin,05:15:00,19:15:00,2280,3.0,No Info,10493
Indigo,2019-06-12,Delhi,Cochin,14:25:00,17:40:00,195,0.0,No Info,5601
Jet Airways,2019-03-27,Delhi,Cochin,06:20:00,18:50:00,750,2.0,No Info,11538
Jet Airways,2019-03-24,Kolkata,Banglore,18:55:00,04:45:00,590,1.0,No Info,14231
Jet Airways,2019-06-15,Delhi,Cochin,11:40:00,19:00:00,440,2.0,In-flight meal not included,15812
Air India,2019-04-24,Banglore,Delhi,10:00:00,12:45:00,165,0.0,No Info,6121
Indigo,2019-03-03,Delhi,Cochin,06:40:00,15:30:00,530,1.0,No Info,14871
Multiple Carriers,2019-03-27,Delhi,Cochin,08:55:00,21:00:00,725,1.0,No Info,8055
Air India,2019-05-01,Delhi,Cochin,22:00:00,19:15:00,1275,2.0,No Info,11281
Jet Airways,2019-05-06,Kolkata,Banglore,06:30:00,18:15:00,705,1.0,In-flight meal not included,10844
Indigo,2019-03-21,Delhi,Cochin,07:35:00,22:20:00,885,1.0,No Info,6558
Jet Airways,2019-03-18,Banglore,New Delhi,11:40:00,20:20:00,520,1.0,In-flight meal not included,11087
Jet Airways,2019-03-01,Mumbai,Hyderabad,10:20:00,11:50:00,90,0.0,No Info,10875
Indigo,2019-06-18,Banglore,Delhi,16:55:00,19:55:00,180,0.0,No Info,4823
Indigo,2019-06-15,Delhi,Cochin,05:10:00,10:05:00,295,1.0,No Info,7010
Vistara,2019-06-15,Banglore,Delhi,09:45:00,12:35:00,170,0.0,No Info,4878
Jet Airways,2019-05-21,Delhi,Cochin,23:05:00,12:35:00,810,2.0,No Info,15129
Multiple Carriers,2019-05-09,Delhi,Cochin,13:15:00,22:30:00,555,1.0,No Info,8888
Air India,2019-05-27,Mumbai,Hyderabad,06:20:00,07:40:00,80,0.0,No Info,3100
Indigo,2019-06-12,Kolkata,Banglore,14:25:00,16:55:00,150,0.0,No Info,4804
Jet Airways,2019-05-18,Delhi,Cochin,09:40:00,12:35:00,1615,2.0,No Info,15129
Jet Airways,2019-03-24,Kolkata,Banglore,06:30:00,04:45:00,1335,1.0,No Info,13759
Air India,2019-04-09,Banglore,Delhi,17:00:00,19:50:00,170,0.0,No Info,5911
Goair,2019-06-03,Delhi,Cochin,14:25:00,19:35:00,310,1.0,No Info,9069
Multiple Carriers,2019-06-09,Delhi,Cochin,11:40:00,01:30:00,830,1.0,No Info,6795
Air India,2019-06-15,Delhi,Cochin,19:45:00,19:15:00,1410,2.0,No Info,9653
Indigo,2019-05-15,Delhi,Cochin,16:10:00,22:30:00,380,1.0,No Info,6412
Jet Airways,2019-05-18,Delhi,Cochin,14:35:00,04:25:00,830,2.0,In-flight meal not included,13848
Spicejet,2019-06-12,Kolkata,Banglore,17:10:00,19:40:00,150,0.0,No Info,4174
Spicejet,2019-04-24,Banglore,Delhi,05:55:00,08:35:00,160,0.0,No Info,3971
Multiple Carriers,2019-06-03,Delhi,Cochin,09:15:00,19:00:00,585,1.0,No Info,11622
Vistara,2019-03-18,Chennai,Kolkata,07:05:00,09:20:00,135,0.0,No Info,4842
Multiple Carriers,2019-06-03,Delhi,Cochin,12:50:00,19:15:00,385,1.0,No Info,9001
Multiple Carriers,2019-03-01,Delhi,Cochin,14:35:00,22:20:00,465,1.0,No Info,14762
Air India,2019-05-06,Kolkata,Banglore,12:00:00,21:50:00,590,2.0,No Info,10151
Multiple Carriers,2019-03-21,Delhi,Cochin,09:10:00,19:15:00,605,1.0,No Info,8601
Indigo,2019-03-03,Delhi,Cochin,16:00:00,01:35:00,575,1.0,No Info,14871
Jet Airways,2019-04-01,Kolkata,Banglore,08:25:00,22:35:00,850,1.0,In-flight meal not included,7064
Multiple Carriers,2019-03-03,Delhi,Cochin,07:05:00,16:10:00,545,1.0,No Info,7905
Air India,2019-05-09,Kolkata,Banglore,14:30:00,08:55:00,1105,2.0,No Info,14214
Indigo,2019-04-06,Banglore,Delhi,16:55:00,19:55:00,180,0.0,No Info,4823
Jet Airways,2019-06-09,Delhi,Cochin,11:45:00,04:25:00,1000,2.0,No Info,13882
Jet Airways,2019-05-21,Kolkata,Banglore,08:25:00,08:15:00,1430,1.0,No Info,13941
Goair,2019-03-24,Banglore,New Delhi,11:40:00,14:35:00,175,0.0,No Info,4340
Multiple Carriers,2019-06-24,Delhi,Cochin,08:45:00,19:00:00,615,1.0,No Info,12524
Indigo,2019-06-27,Delhi,Cochin,14:20:00,22:30:00,490,1.0,No Info,6412
Jet Airways,2019-04-21,Banglore,Delhi,15:15:00,18:10:00,175,0.0,In-flight meal not included,4544
Multiple Carriers,2019-06-09,Delhi,Cochin,09:45:00,22:30:00,765,1.0,No Info,9646
Jet Airways,2019-06-12,Kolkata,Banglore,17:00:00,09:45:00,1005,1.0,No Info,12692
Spicejet,2019-04-27,Banglore,Delhi,21:10:00,00:05:00,175,0.0,No Info,3971
Vistara,2019-06-27,Banglore,Delhi,11:30:00,14:20:00,170,0.0,No Info,4668
Jet Airways,2019-03-12,Banglore,New Delhi,18:55:00,18:25:00,1410,1.0,In-flight meal not included,11087
Indigo,2019-04-01,Banglore,Delhi,07:10:00,10:05:00,175,0.0,No Info,4823
Multiple Carriers,2019-03-06,Delhi,Cochin,15:15:00,01:35:00,620,1.0,No Info,15147
Indigo,2019-03-03,Delhi,Cochin,08:25:00,15:30:00,425,1.0,No Info,14871
Jet Airways,2019-05-12,Kolkata,Banglore,08:25:00,08:15:00,1430,1.0,No Info,13941
Goair,2019-03-24,Banglore,New Delhi,20:55:00,23:50:00,175,0.0,No Info,5706
Jet Airways,2019-06-09,Kolkata,Banglore,14:05:00,23:35:00,570,1.0,No Info,14571
Jet Airways,2019-05-09,Delhi,Cochin,18:15:00,12:35:00,1100,1.0,In-flight meal not included,12373
Air Asia,2019-03-21,Delhi,Cochin,20:10:00,07:10:00,660,1.0,No Info,6151
Air Asia,2019-04-24,Delhi,Cochin,16:45:00,22:25:00,340,1.0,No Info,6152
Multiple Carriers,2019-03-27,Delhi,Cochin,07:05:00,13:20:00,375,1.0,No Info,12537
Jet Airways,2019-05-21,Delhi,Cochin,07:05:00,12:35:00,330,1.0,In-flight meal not included,12898
Multiple Carriers,2019-06-27,Delhi,Cochin,08:30:00,19:00:00,630,1.0,No Info,11200
Indigo,2019-05-15,Mumbai,Hyderabad,06:25:00,07:55:00,90,0.0,No Info,4049
Air India,2019-04-01,Kolkata,Banglore,12:00:00,11:10:00,1390,2.0,No Info,9258
Jet Airways,2019-06-03,Delhi,Cochin,16:00:00,12:35:00,1235,1.0,In-flight meal not included,10262
Jet Airways,2019-06-03,Delhi,Cochin,11:30:00,19:00:00,450,1.0,In-flight meal not included,10262
Spicejet,2019-06-01,Banglore,Delhi,05:55:00,08:35:00,160,0.0,No Info,3625
Jet Airways,2019-04-01,Kolkata,Banglore,08:25:00,19:50:00,685,1.0,No Info,12681
Jet Airways,2019-06-27,Delhi,Cochin,07:05:00,19:00:00,715,1.0,In-flight meal not included,10262
Indigo,2019-05-15,Kolkata,Banglore,20:20:00,22:55:00,155,0.0,No Info,4804
Jet Airways,2019-04-06,Delhi,Cochin,07:05:00,12:35:00,330,1.0,In-flight meal not included,5406
Spicejet,2019-05-21,Chennai,Kolkata,08:20:00,10:35:00,135,0.0,No Info,3597
Goair,2019-06-03,Banglore,Delhi,20:55:00,23:40:00,165,0.0,No Info,3419
Indigo,2019-06-27,Mumbai,Hyderabad,06:25:00,07:55:00,90,0.0,No Info,4049
Jet Airways,2019-05-12,Kolkata,Banglore,09:35:00,21:05:00,690,1.0,No Info,14151
Air India,2019-04-15,Kolkata,Banglore,20:45:00,23:20:00,155,0.0,No Info,4145
Indigo,2019-04-18,Kolkata,Banglore,20:20:00,22:55:00,155,0.0,No Info,4174
Jet Airways,2019-06-06,Kolkata,Banglore,08:25:00,16:20:00,475,1.0,In-flight meal not included,10844
Air Asia,2019-06-01,Banglore,Delhi,11:10:00,13:55:00,165,0.0,No Info,4483
Air India,2019-05-27,Delhi,Cochin,21:00:00,19:15:00,1335,1.0,No Info,8372
Jet Airways,2019-06-01,Delhi,Cochin,09:00:00,19:00:00,600,1.0,No Info,14714
Jet Airways,2019-06-06,Delhi,Cochin,02:15:00,12:35:00,620,1.0,No Info,14714
Jet Airways,2019-05-24,Kolkata,Banglore,20:00:00,09:20:00,800,1.0,In-flight meal not included,10844
Jet Airways,2019-05-18,Kolkata,Banglore,20:25:00,19:10:00,1365,1.0,No Info,14151
Air India,2019-03-03,Banglore,New Delhi,17:25:00,08:45:00,920,2.0,No Info,11570
Indigo,2019-05-21,Delhi,Cochin,05:35:00,08:50:00,195,0.0,No Info,5601
Jet Airways,2019-06-27,Delhi,Cochin,20:00:00,12:35:00,995,2.0,No Info,14300
Jet Airways,2019-05-24,Kolkata,Banglore,18:55:00,16:20:00,1285,1.0,In-flight meal not included,10844
Vistara,2019-03-24,Kolkata,Banglore,20:20:00,22:55:00,1595,1.0,No Info,11682
Multiple Carriers,2019-03-21,Delhi,Cochin,10:00:00,21:00:00,660,1.0,In-flight meal not included,8085
Indigo,2019-04-06,Banglore,Delhi,22:10:00,01:00:00,170,0.0,No Info,3943
Spicejet,2019-05-01,Chennai,Kolkata,08:20:00,10:35:00,135,0.0,No Info,3597
Jet Airways,2019-06-27,Delhi,Cochin,02:15:00,12:35:00,620,1.0,In-flight meal not included,10262
Jet Airways,2019-03-12,Banglore,New Delhi,21:25:00,09:30:00,725,1.0,No Info,13817
Multiple Carriers,2019-06-06,Delhi,Cochin,17:45:00,01:30:00,465,1.0,No Info,6795
Air India,2019-05-27,Mumbai,Hyderabad,13:55:00,15:25:00,90,0.0,No Info,3625
Vistara,2019-05-21,Banglore,Delhi,09:45:00,12:35:00,170,0.0,No Info,4668
Multiple Carriers,2019-03-21,Delhi,Cochin,07:05:00,19:15:00,730,1.0,No Info,13378
Spicejet,2019-06-24,Mumbai,Hyderabad,13:15:00,14:45:00,90,0.0,No Info,2017
Jet Airways,2019-05-12,Mumbai,Hyderabad,19:35:00,21:05:00,90,0.0,No Info,5678
Goair,2019-03-01,Banglore,New Delhi,11:40:00,14:35:00,175,0.0,No Info,11111
Indigo,2019-03-09,Delhi,Cochin,04:55:00,12:00:00,425,1.0,No Info,6171
Air India,2019-05-21,Banglore,Delhi,17:00:00,19:50:00,170,0.0,No Info,6961
Air Asia,2019-06-27,Delhi,Cochin,20:45:00,07:10:00,625,1.0,No Info,6451
Multiple Carriers,2019-05-18,Delhi,Cochin,13:00:00,21:00:00,480,1.0,No Info,9385
Jet Airways,2019-05-18,Kolkata,Banglore,14:05:00,22:35:00,510,1.0,In-flight meal not included,10844
Air Asia,2019-03-24,Banglore,New Delhi,11:10:00,13:55:00,165,0.0,No Info,3383
Air India,2019-03-01,Banglore,New Delhi,13:50:00,18:40:00,1730,1.0,No Info,17198
Jet Airways,2019-04-12,Banglore,Delhi,07:10:00,10:10:00,180,0.0,No Info,7229
Jet Airways,2019-06-09,Kolkata,Banglore,06:30:00,16:20:00,590,1.0,In-flight meal not included,10844
Multiple Carriers,2019-06-12,Delhi,Cochin,11:40:00,19:15:00,455,1.0,No Info,8266
Air India,2019-03-24,Kolkata,Banglore,07:00:00,13:45:00,1845,2.0,No Info,12829
Jet Airways,2019-03-21,Banglore,New Delhi,08:00:00,15:15:00,435,1.0,In-flight meal not included,7832
Multiple Carriers,2019-05-27,Delhi,Cochin,19:00:00,01:30:00,390,1.0,No Info,7198
Jet Airways,2019-06-24,Delhi,Cochin,19:15:00,19:00:00,1425,1.0,In-flight meal not included,10262
Jet Airways,2019-04-01,Kolkata,Banglore,20:00:00,08:15:00,735,1.0,In-flight meal not included,7064
Multiple Carriers,2019-05-27,Delhi,Cochin,12:50:00,21:00:00,490,1.0,No Info,7005
Jet Airways,2019-05-21,Delhi,Cochin,21:50:00,04:25:00,395,1.0,No Info,16079
Goair,2019-06-01,Banglore,Delhi,07:45:00,10:40:00,175,0.0,No Info,5048
Vistara,2019-03-24,Kolkata,Banglore,20:20:00,22:10:00,1550,1.0,No Info,11105
Multiple Carriers,2019-05-21,Delhi,Cochin,09:15:00,19:15:00,600,1.0,No Info,8099
Indigo,2019-03-09,Banglore,New Delhi,20:00:00,22:55:00,175,0.0,No Info,6144
Multiple Carriers,2019-03-06,Delhi,Cochin,07:05:00,22:20:00,915,1.0,No Info,6916
Multiple Carriers,2019-06-12,Delhi,Cochin,15:15:00,01:30:00,615,1.0,No Info,6795
Indigo,2019-05-12,Kolkata,Banglore,22:15:00,00:50:00,155,0.0,No Info,4804
Jet Airways,2019-05-27,Delhi,Cochin,20:55:00,19:00:00,1325,1.0,In-flight meal not included,12898
Jet Airways,2019-03-09,Delhi,Cochin,13:45:00,04:25:00,880,2.0,No Info,17019
Air India,2019-04-06,Delhi,Cochin,17:40:00,23:00:00,320,1.0,No Info,5232
Multiple Carriers,2019-05-27,Delhi,Cochin,10:00:00,01:30:00,930,1.0,In-flight meal not included,8925
Jet Airways,2019-05-01,Banglore,Delhi,15:15:00,18:10:00,175,0.0,No Info,7229
Jet Airways,2019-04-01,Kolkata,Banglore,06:30:00,04:40:00,1330,1.0,In-flight meal not included,7064
Spicejet,2019-04-03,Banglore,Delhi,21:10:00,00:05:00,175,0.0,No check-in baggage included,3919
Vistara,2019-06-21,Delhi,Cochin,06:00:00,09:10:00,190,0.0,No Info,6216
Jet Airways,2019-06-21,Mumbai,Hyderabad,08:45:00,10:15:00,90,0.0,No Info,8040
Jet Airways,2019-05-27,Delhi,Cochin,13:25:00,12:35:00,1390,2.0,No Info,15129
Jet Airways,2019-06-27,Mumbai,Hyderabad,02:55:00,04:20:00,85,0.0,No Info,5678
Multiple Carriers,2019-03-06,Delhi,Cochin,08:55:00,15:30:00,395,1.0,No Info,15147
Jet Airways,2019-06-03,Delhi,Cochin,05:30:00,19:00:00,810,2.0,In-flight meal not included,10368
Jet Airways,2019-04-01,Kolkata,Banglore,06:30:00,19:50:00,800,1.0,In-flight meal not included,7064
Indigo,2019-06-06,Kolkata,Banglore,21:25:00,00:05:00,160,0.0,No Info,4804
Jet Airways,2019-05-12,Kolkata,Banglore,21:10:00,12:00:00,890,1.0,No Info,14388
Spicejet,2019-06-18,Chennai,Kolkata,17:45:00,20:05:00,140,0.0,No check-in baggage included,3543
Jet Airways,2019-06-06,Delhi,Cochin,13:00:00,04:25:00,925,1.0,In-flight meal not included,10262
Goair,2019-05-27,Banglore,Delhi,07:45:00,10:40:00,175,0.0,No Info,3419
Jet Airways,2019-05-24,Mumbai,Hyderabad,07:05:00,08:30:00,85,0.0,No Info,8040
Jet Airways,2019-06-09,Kolkata,Banglore,14:05:00,23:35:00,570,1.0,In-flight meal not included,10844
Indigo,2019-06-12,Banglore,Delhi,18:55:00,21:50:00,175,0.0,No Info,4823
Indigo,2019-05-15,Kolkata,Banglore,21:00:00,02:15:00,315,1.0,No Info,7228
Jet Airways,2019-06-06,Delhi,Cochin,14:00:00,04:25:00,865,1.0,No Info,14714
Trujet,2019-03-06,Mumbai,Hyderabad,13:05:00,16:20:00,195,1.0,No Info,4140
Jet Airways,2019-05-12,Banglore,Delhi,18:55:00,22:00:00,185,0.0,No Info,7229
Jet Airways,2019-06-12,Delhi,Cochin,11:40:00,19:00:00,440,2.0,In-flight meal not included,15812
Indigo,2019-03-09,Banglore,New Delhi,01:30:00,04:15:00,165,0.0,No Info,4545
Indigo,2019-05-21,Delhi,Cochin,07:15:00,12:30:00,315,1.0,No Info,5636
Spicejet,2019-06-01,Mumbai,Hyderabad,13:15:00,14:45:00,90,0.0,No check-in baggage included,2175
Multiple Carriers,2019-05-09,Delhi,Cochin,08:00:00,19:00:00,660,1.0,No Info,10197
Jet Airways,2019-05-12,Kolkata,Banglore,06:30:00,08:15:00,1545,1.0,No Info,13941
Indigo,2019-05-27,Delhi,Cochin,16:10:00,22:30:00,380,1.0,No Info,6938
Spicejet,2019-06-01,Chennai,Kolkata,09:45:00,12:00:00,135,0.0,No check-in baggage included,3543
Spicejet,2019-06-15,Chennai,Kolkata,09:45:00,12:00:00,135,0.0,No check-in baggage included,3543
Air India,2019-06-06,Kolkata,Banglore,09:25:00,18:30:00,545,1.0,No Info,8366
Air India,2019-03-12,Mumbai,Hyderabad,05:55:00,19:10:00,795,1.0,No Info,8528
Jet Airways,2019-06-09,Kolkata,Banglore,16:30:00,22:35:00,365,1.0,In-flight meal not included,10844
Jet Airways,2019-03-09,Delhi,Cochin,02:15:00,19:45:00,1050,1.0,In-flight meal not included,13843
Jet Airways,2019-06-03,Mumbai,Hyderabad,10:20:00,11:50:00,90,0.0,In-flight meal not included,4995
Jet Airways,2019-06-06,Delhi,Cochin,11:30:00,19:00:00,450,1.0,In-flight meal not included,10262
Spicejet,2019-06-12,Kolkata,Banglore,06:55:00,09:30:00,155,0.0,No check-in baggage included,3841
Multiple Carriers,2019-05-27,Delhi,Cochin,08:45:00,19:00:00,615,1.0,No Info,10529
Jet Airways,2019-04-21,Banglore,Delhi,08:20:00,11:20:00,180,0.0,In-flight meal not included,5198
Air India,2019-05-18,Delhi,Cochin,13:15:00,09:25:00,1210,2.0,No Info,11307
Jet Airways,2019-05-18,Kolkata,Banglore,20:00:00,23:35:00,1655,1.0,In-flight meal not included,10844
Jet Airways,2019-03-18,Banglore,New Delhi,22:50:00,09:00:00,610,1.0,No Info,13555
Spicejet,2019-03-24,Chennai,Kolkata,17:45:00,20:05:00,140,0.0,No Info,5418
Jet Airways,2019-03-06,Mumbai,Hyderabad,14:20:00,16:50:00,1590,2.0,No Info,24115
Jet Airways,2019-05-24,Banglore,Delhi,19:50:00,22:50:00,180,0.0,In-flight meal not included,6144
Jet Airways,2019-03-12,Banglore,New Delhi,18:55:00,13:15:00,1100,1.0,In-flight meal not included,11087
Air India,2019-05-01,Kolkata,Banglore,12:00:00,11:10:00,1390,2.0,No Info,11148
Jet Airways,2019-04-03,Banglore,Delhi,08:20:00,11:20:00,180,0.0,No Info,7229
Jet Airways,2019-05-27,Delhi,Cochin,11:00:00,14:15:00,195,0.0,In-flight meal not included,7989
Air India,2019-03-27,Delhi,Cochin,16:40:00,19:15:00,1595,2.0,No Info,8656
Multiple Carriers,2019-06-15,Delhi,Cochin,18:15:00,01:30:00,435,1.0,No Info,13377
Goair,2019-05-06,Banglore,Delhi,20:55:00,23:40:00,165,0.0,No Info,3419
Jet Airways,2019-05-27,Delhi,Cochin,23:05:00,19:00:00,1195,2.0,No Info,15129
Air India,2019-06-01,Delhi,Cochin,10:00:00,19:15:00,555,1.0,No Info,9929
Jet Airways,2019-06-06,Delhi,Cochin,21:50:00,04:25:00,395,1.0,No Info,14714
Vistara,2019-05-18,Banglore,Delhi,07:00:00,09:40:00,160,0.0,No Info,4878
Air India,2019-03-15,Delhi,Cochin,14:10:00,17:10:00,180,0.0,No Info,5674
Air India,2019-06-24,Kolkata,Banglore,14:15:00,16:45:00,150,0.0,No Info,5510
Jet Airways,2019-05-18,Delhi,Cochin,19:30:00,04:25:00,535,2.0,No Info,15129
Multiple Carriers,2019-03-27,Delhi,Cochin,15:05:00,01:35:00,630,1.0,No Info,12327
Multiple Carriers,2019-06-24,Delhi,Cochin,10:20:00,19:00:00,520,1.0,In-flight meal not included,10791
Jet Airways,2019-03-06,Delhi,Cochin,19:10:00,18:50:00,2860,2.0,No Info,20694
Jet Airways,2019-05-12,Kolkata,Banglore,16:30:00,20:45:00,1695,1.0,In-flight meal not included,10844
Spicejet,2019-05-27,Kolkata,Banglore,17:10:00,19:40:00,150,0.0,No check-in baggage included,3841
Indigo,2019-03-27,Delhi,Cochin,05:05:00,10:05:00,300,1.0,No Info,6827
Vistara,2019-06-06,Banglore,Delhi,09:45:00,12:35:00,170,0.0,No Info,4668
Jet Airways,2019-06-06,Kolkata,Banglore,20:00:00,04:40:00,520,1.0,In-flight meal not included,8586
Jet Airways,2019-03-15,Banglore,New Delhi,11:40:00,08:15:00,1235,1.0,In-flight meal not included,9134
Jet Airways,2019-05-21,Banglore,Delhi,07:10:00,10:10:00,180,0.0,In-flight meal not included,4030
Multiple Carriers,2019-03-21,Delhi,Cochin,08:55:00,19:15:00,620,1.0,No Info,10161
Goair,2019-06-12,Banglore,Delhi,07:45:00,10:40:00,175,0.0,No Info,3419
Indigo,2019-06-09,Chennai,Kolkata,22:05:00,00:25:00,140,0.0,No Info,5277
Jet Airways,2019-05-09,Kolkata,Banglore,20:25:00,14:25:00,1080,1.0,In-flight meal not included,9314
Indigo,2019-05-21,Kolkata,Banglore,06:35:00,12:10:00,335,2.0,No Info,6103
Air India,2019-04-01,Banglore,Delhi,13:20:00,16:10:00,170,0.0,No Info,5911
Multiple Carriers,2019-06-15,Delhi,Cochin,07:30:00,19:15:00,705,1.0,No Info,8614
Air India,2019-05-21,Kolkata,Banglore,05:50:00,23:15:00,1045,2.0,No Info,13143
Multiple Carriers,2019-03-03,Delhi,Cochin,18:00:00,01:35:00,455,1.0,No Info,17703
Air India,2019-03-03,Delhi,Cochin,05:10:00,08:00:00,170,0.0,No Info,7931
Jet Airways,2019-04-01,Delhi,Cochin,14:00:00,19:00:00,300,1.0,In-flight meal not included,5177
Jet Airways,2019-06-01,Delhi,Cochin,18:25:00,04:25:00,600,2.0,No Info,14237
Spicejet,2019-03-09,Banglore,New Delhi,20:30:00,23:20:00,170,0.0,No Info,5126
Spicejet,2019-03-03,Kolkata,Banglore,22:20:00,00:40:00,140,0.0,No Info,5515
Jet Airways,2019-03-21,Delhi,Cochin,13:00:00,04:25:00,925,1.0,In-flight meal not included,7438
Air India,2019-06-24,Delhi,Cochin,05:15:00,19:15:00,2280,3.0,No Info,10493
Multiple Carriers,2019-06-24,Delhi,Cochin,13:00:00,01:30:00,750,1.0,No Info,13377
Jet Airways,2019-03-03,Delhi,Cochin,18:20:00,04:25:00,2045,2.0,No Info,20747
Jet Airways,2019-03-06,Banglore,New Delhi,07:00:00,18:25:00,685,1.0,No Info,16736
Jet Airways,2019-03-06,Delhi,Cochin,13:00:00,04:25:00,925,1.0,No Info,15764
Spicejet,2019-03-15,Mumbai,Hyderabad,05:45:00,07:05:00,80,0.0,No check-in baggage included,2385
Indigo,2019-05-18,Delhi,Cochin,23:30:00,04:35:00,305,1.0,No Info,10958
Jet Airways,2019-05-21,Kolkata,Banglore,08:25:00,20:45:00,740,1.0,No Info,14781
Spicejet,2019-05-24,Chennai,Kolkata,08:20:00,10:35:00,135,0.0,No Info,3597
Vistara,2019-04-01,Kolkata,Banglore,17:00:00,09:05:00,965,1.0,No Info,8662
Jet Airways,2019-03-01,Banglore,New Delhi,08:00:00,05:05:00,1265,1.0,No Info,22270
Vistara,2019-03-24,Banglore,New Delhi,16:00:00,18:35:00,155,0.0,No Info,11913
Jet Airways,2019-06-06,Kolkata,Banglore,20:00:00,09:20:00,800,1.0,In-flight meal not included,10844
Jet Airways,2019-03-12,Banglore,New Delhi,16:55:00,23:00:00,365,1.0,No Info,13817
Jet Airways,2019-03-15,Banglore,New Delhi,16:55:00,00:45:00,470,1.0,No Info,21934
Jet Airways,2019-03-15,Mumbai,Hyderabad,15:50:00,17:20:00,90,0.0,In-flight meal not included,2470
Air India,2019-03-21,Banglore,New Delhi,22:00:00,13:20:00,920,1.0,No Info,6955
Indigo,2019-04-01,Banglore,Delhi,10:10:00,13:00:00,170,0.0,No Info,3943
Indigo,2019-06-27,Chennai,Kolkata,13:15:00,15:35:00,140,0.0,No Info,3597
Indigo,2019-06-27,Delhi,Cochin,14:25:00,17:40:00,195,0.0,No Info,5000
Jet Airways,2019-03-21,Delhi,Cochin,10:45:00,04:25:00,1060,2.0,No Info,11093
Indigo,2019-04-01,Mumbai,Hyderabad,21:20:00,22:50:00,90,0.0,No Info,2227
Jet Airways,2019-05-12,Kolkata,Banglore,08:25:00,20:45:00,740,1.0,No Info,14781
Jet Airways,2019-03-24,Kolkata,Banglore,13:55:00,18:10:00,1695,1.0,No Info,14231
Jet Airways,2019-05-09,Delhi,Cochin,19:15:00,19:00:00,1425,1.0,No Info,15554
Indigo,2019-03-18,Kolkata,Banglore,15:20:00,17:55:00,155,0.0,No Info,4462
Indigo,2019-03-21,Delhi,Cochin,08:25:00,21:00:00,755,1.0,No Info,8285
Jet Airways,2019-06-15,Delhi,Cochin,18:15:00,04:25:00,610,1.0,In-flight meal not included,10262
Jet Airways,2019-06-06,Kolkata,Banglore,17:00:00,09:45:00,1005,1.0,In-flight meal not included,10539
Spicejet,2019-06-21,Kolkata,Banglore,09:00:00,11:25:00,145,0.0,No check-in baggage included,3841
Jet Airways,2019-06-01,Delhi,Cochin,19:15:00,04:25:00,550,1.0,In-flight meal not included,10262
Multiple Carriers,2019-03-09,Delhi,Cochin,06:00:00,19:15:00,795,1.0,No Info,14408
Air India,2019-05-27,Delhi,Cochin,17:20:00,09:25:00,965,1.0,No Info,7480
Jet Airways,2019-05-01,Kolkata,Banglore,17:00:00,23:35:00,395,1.0,In-flight meal not included,12384
Indigo,2019-04-01,Banglore,Delhi,13:00:00,15:50:00,170,0.0,No Info,4591
Jet Airways,2019-05-09,Delhi,Cochin,23:05:00,12:35:00,810,2.0,No Info,15129
Vistara,2019-03-03,Delhi,Cochin,06:00:00,09:10:00,190,0.0,No Info,8001
Multiple Carriers,2019-05-18,Delhi,Cochin,12:50:00,01:30:00,760,1.0,No Info,7670
Jet Airways,2019-05-21,Delhi,Cochin,13:00:00,04:25:00,925,1.0,In-flight meal not included,12898
Jet Airways,2019-03-27,Delhi,Cochin,21:50:00,04:25:00,395,1.0,In-flight meal not included,6017
Jet Airways,2019-06-12,Mumbai,Hyderabad,10:20:00,11:50:00,90,0.0,In-flight meal not included,4995
Jet Airways,2019-05-09,Delhi,Cochin,20:00:00,04:25:00,505,2.0,In-flight meal not included,15318
Goair,2019-04-15,Delhi,Cochin,10:35:00,19:35:00,540,1.0,No Info,5752
Air India,2019-03-12,Mumbai,Hyderabad,10:05:00,19:10:00,545,2.0,No Info,9736
Air India,2019-04-01,Kolkata,Banglore,05:50:00,23:15:00,1045,2.0,No Info,11516
Jet Airways,2019-06-12,Kolkata,Banglore,18:55:00,22:35:00,1660,1.0,In-flight meal not included,8529
Indigo,2019-05-18,Delhi,Cochin,07:35:00,16:10:00,515,1.0,No Info,6442
Jet Airways,2019-06-06,Kolkata,Banglore,18:55:00,18:15:00,1400,1.0,In-flight meal not included,10844
Jet Airways,2019-06-15,Delhi,Cochin,10:00:00,19:00:00,540,1.0,No Info,14714
Air India,2019-03-18,Banglore,New Delhi,21:05:00,23:55:00,170,0.0,No Info,4441
Jet Airways,2019-05-12,Kolkata,Banglore,17:00:00,14:25:00,1285,1.0,No Info,13067
Jet Airways,2019-03-12,Banglore,New Delhi,20:35:00,20:20:00,1425,1.0,In-flight meal not included,11087
Indigo,2019-05-27,Delhi,Cochin,23:30:00,04:35:00,305,1.0,No Info,9476
Jet Airways,2019-05-06,Kolkata,Banglore,17:00:00,22:05:00,1745,1.0,No Info,11467
Jet Airways,2019-06-09,Delhi,Cochin,19:45:00,12:35:00,1010,1.0,In-flight meal not included,10577
Vistara,2019-03-24,Kolkata,Banglore,17:00:00,22:55:00,355,1.0,No Info,14360
Air India,2019-03-24,Chennai,Kolkata,11:40:00,13:55:00,135,0.0,No Info,4405
Multiple Carriers,2019-05-18,Delhi,Cochin,12:50:00,21:00:00,490,1.0,No Info,7670
Multiple Carriers,2019-05-21,Delhi,Cochin,11:40:00,01:30:00,830,1.0,No Info,7485
Jet Airways,2019-05-01,Kolkata,Banglore,17:00:00,21:05:00,1685,1.0,No Info,12121
Air India,2019-05-09,Kolkata,Banglore,16:50:00,18:30:00,1540,1.0,No Info,8576
Air India,2019-03-24,Kolkata,Banglore,16:45:00,21:05:00,1700,1.0,No Info,6535
Indigo,2019-03-24,Kolkata,Banglore,15:10:00,20:15:00,305,1.0,No Info,6762
Vistara,2019-04-01,Banglore,Delhi,07:00:00,09:40:00,160,0.0,No Info,5403
Jet Airways,2019-06-06,Kolkata,Banglore,08:25:00,18:15:00,590,1.0,In-flight meal not included,10844
Air India,2019-06-06,Delhi,Cochin,14:10:00,17:10:00,180,0.0,No Info,6094
Multiple Carriers,2019-03-21,Delhi,Cochin,09:00:00,19:15:00,615,1.0,No Info,13378
Jet Airways,2019-05-21,Kolkata,Banglore,20:00:00,08:15:00,735,1.0,No Info,14781
Multiple Carriers,2019-03-03,Delhi,Cochin,17:50:00,01:35:00,465,2.0,No Info,24528
Jet Airways,2019-03-09,Delhi,Cochin,20:50:00,18:50:00,1320,1.0,In-flight meal not included,14053
Goair,2019-03-01,Banglore,New Delhi,15:45:00,20:15:00,270,1.0,No Info,12314
Spicejet,2019-03-15,Kolkata,Banglore,06:55:00,09:35:00,160,0.0,No check-in baggage included,3815
Indigo,2019-06-24,Delhi,Cochin,23:30:00,04:35:00,305,1.0,No Info,9165
Multiple Carriers,2019-06-12,Delhi,Cochin,08:50:00,19:00:00,610,1.0,No Info,10877
Jet Airways,2019-06-27,Delhi,Cochin,14:00:00,19:00:00,300,1.0,In-flight meal not included,10262
Indigo,2019-03-01,Kolkata,Banglore,14:20:00,16:55:00,155,0.0,No Info,6565
Goair,2019-06-06,Banglore,Delhi,07:45:00,10:40:00,175,0.0,No Info,3898
Air India,2019-03-06,Delhi,Cochin,13:05:00,09:25:00,1220,2.0,No Info,12865
Jet Airways,2019-05-09,Kolkata,Banglore,16:30:00,10:05:00,1055,1.0,In-flight meal not included,8586
Air Asia,2019-06-06,Kolkata,Banglore,07:35:00,23:30:00,955,1.0,No Info,6810
Spicejet,2019-05-18,Kolkata,Banglore,06:55:00,09:30:00,155,0.0,No check-in baggage included,3841
Jet Airways,2019-06-01,Delhi,Cochin,20:00:00,04:25:00,505,2.0,No Info,16263
Air India,2019-05-09,Banglore,Delhi,10:00:00,12:45:00,165,0.0,No Info,5228
Indigo,2019-05-15,Delhi,Cochin,08:30:00,21:00:00,750,1.0,No Info,7503
Indigo,2019-04-27,Delhi,Cochin,07:35:00,12:10:00,275,1.0,No Info,5073
Multiple Carriers,2019-06-01,Delhi,Cochin,09:00:00,19:00:00,600,1.0,No Info,12717
Air India,2019-03-18,Banglore,New Delhi,13:50:00,18:40:00,1730,1.0,No Info,11161
Jet Airways,2019-05-09,Delhi,Cochin,02:15:00,12:35:00,620,1.0,In-flight meal not included,12373
Air Asia,2019-06-06,Delhi,Cochin,16:45:00,22:25:00,340,1.0,No Info,11410
Spicejet,2019-03-24,Banglore,New Delhi,09:35:00,12:30:00,175,0.0,No Info,3925
Indigo,2019-06-12,Delhi,Cochin,08:30:00,21:00:00,750,1.0,No Info,6093
Jet Airways,2019-06-09,Kolkata,Banglore,18:55:00,18:15:00,1400,1.0,In-flight meal not included,10844
Jet Airways,2019-04-06,Banglore,Delhi,07:10:00,10:10:00,180,0.0,No Info,7229
Multiple Carriers,2019-03-06,Delhi,Cochin,06:00:00,15:30:00,570,1.0,No Info,15147
Air India,2019-04-27,Delhi,Cochin,14:10:00,17:10:00,180,0.0,No Info,6094
Jet Airways,2019-05-01,Kolkata,Banglore,20:25:00,23:35:00,1630,1.0,In-flight meal not included,9314
Air India,2019-06-15,Delhi,Cochin,05:55:00,19:15:00,800,2.0,No Info,12646
Jet Airways,2019-05-06,Banglore,Delhi,06:00:00,08:45:00,165,0.0,No Info,7229
Air India,2019-03-21,Delhi,Cochin,06:10:00,23:00:00,1010,1.0,No Info,5704
Vistara,2019-06-12,Kolkata,Banglore,07:10:00,23:25:00,975,1.0,No Info,8610
Indigo,2019-04-24,Kolkata,Banglore,09:35:00,12:20:00,165,0.0,No Info,4804
Spicejet,2019-06-09,Chennai,Kolkata,08:20:00,10:35:00,135,0.0,No Info,3597
Indigo,2019-04-03,Banglore,Delhi,04:00:00,06:50:00,170,0.0,No Info,3943
Multiple Carriers,2019-06-27,Delhi,Cochin,15:05:00,01:30:00,625,2.0,No Info,15965
Jet Airways,2019-05-15,Kolkata,Banglore,16:30:00,10:05:00,1055,1.0,No Info,14781
Jet Airways,2019-04-06,Delhi,Cochin,11:30:00,12:35:00,1505,1.0,In-flight meal not included,5177
Vistara,2019-06-06,Chennai,Kolkata,17:45:00,20:05:00,140,0.0,No Info,11982
Jet Airways,2019-05-24,Kolkata,Banglore,17:00:00,19:10:00,1570,1.0,No Info,13067
Jet Airways,2019-05-01,Kolkata,Banglore,21:10:00,08:15:00,665,1.0,In-flight meal not included,10844
Jet Airways,2019-05-15,Kolkata,Banglore,21:10:00,20:45:00,1415,1.0,In-flight meal not included,10844
Jet Airways,2019-04-09,Banglore,Delhi,19:50:00,22:50:00,180,0.0,No Info,7229
Indigo,2019-06-15,Kolkata,Banglore,04:40:00,07:15:00,155,0.0,No Info,4804
Spicejet,2019-03-27,Chennai,Kolkata,09:30:00,12:05:00,155,0.0,No Info,3384
Jet Airways,2019-06-12,Kolkata,Banglore,09:35:00,22:05:00,750,1.0,No Info,12692
Indigo,2019-05-06,Banglore,Delhi,13:00:00,15:50:00,170,0.0,No Info,3943
Air India,2019-04-06,Kolkata,Banglore,20:45:00,23:20:00,155,0.0,No Info,4460
Indigo,2019-06-06,Delhi,Cochin,10:35:00,01:30:00,895,1.0,No Info,5883
Jet Airways,2019-04-01,Kolkata,Banglore,18:55:00,20:45:00,1550,1.0,In-flight meal not included,7064
Air India,2019-03-24,Mumbai,Hyderabad,13:55:00,15:25:00,90,0.0,No Info,2575
Air India,2019-06-15,Delhi,Cochin,17:40:00,23:00:00,320,1.0,No Info,7384
Air India,2019-05-18,Banglore,Delhi,13:20:00,16:10:00,170,0.0,No Info,6121
Indigo,2019-06-27,Delhi,Cochin,05:10:00,10:05:00,295,1.0,No Info,6496
Indigo,2019-06-03,Chennai,Kolkata,13:15:00,15:35:00,140,0.0,No Info,3597
Jet Airways,2019-05-27,Delhi,Cochin,11:30:00,19:00:00,450,1.0,In-flight meal not included,9732
Indigo,2019-03-21,Banglore,New Delhi,14:25:00,19:25:00,300,1.0,No Info,7708
Indigo,2019-03-15,Mumbai,Hyderabad,21:20:00,22:45:00,85,0.0,No Info,2754
Multiple Carriers,2019-03-27,Delhi,Cochin,12:50:00,19:15:00,385,1.0,No Info,6953
Air India,2019-05-27,Mumbai,Hyderabad,19:30:00,20:45:00,75,0.0,No Info,3100
